<?xml version="1.0" encoding="UTF-8" standalone="no"?>
<resources>
    <array name="province">
        <areaitem>北京</areaitem>
        <areaitem>天津</areaitem>
        <areaitem>上海</areaitem>
        <areaitem>重庆</areaitem>
        <areaitem>河北</areaitem>
        <areaitem>山西</areaitem>
		<areaitem>内蒙古</areaitem>
		<areaitem>辽宁</areaitem>
		<areaitem>吉林</areaitem>
		<areaitem>黑龙江</areaitem>
		<areaitem>江苏</areaitem>
		<areaitem>浙江</areaitem>
		<areaitem>安徽</areaitem>
		<areaitem>福建</areaitem>
		<areaitem>江西</areaitem>
		<areaitem>山东</areaitem>
		<areaitem>河南</areaitem>
		<areaitem>湖北</areaitem>
		<areaitem>湖南</areaitem>
		<areaitem>广东</areaitem>
		<areaitem>广西</areaitem>
		<areaitem>海南</areaitem>
		<areaitem>四川</areaitem>
		<areaitem>贵州</areaitem>
		<areaitem>云南</areaitem>
		<areaitem>西藏</areaitem>
		<areaitem>陕西</areaitem>
		<areaitem>甘肃</areaitem>
		<areaitem>青海</areaitem>
		<areaitem>宁夏</areaitem>
		<areaitem>新疆</areaitem>
		<areaitem>香港</areaitem>
		<areaitem>澳门</areaitem>
		<areaitem>台湾</areaitem>
    </array>
    <array name="北京">
        <areaitem>东城区</areaitem>
        <areaitem>西城区</areaitem>
        <areaitem>朝阳区</areaitem>
        <areaitem>海淀区</areaitem>
        <areaitem>石景山区</areaitem>
        <areaitem>丰台区</areaitem>
		<areaitem>顺义区</areaitem>
		<areaitem>怀柔区</areaitem>
		<areaitem>密云县</areaitem>
		<areaitem>延庆县</areaitem>
		<areaitem>昌平区</areaitem>
		<areaitem>平谷区</areaitem>
		<areaitem>门头沟区</areaitem>
		<areaitem>房山区</areaitem>
		<areaitem>通州区</areaitem>
    </array>
    <array name="天津">
        <areaitem>和平区</areaitem>
        <areaitem>河东区</areaitem>
        <areaitem>河西区</areaitem>
        <areaitem>南开区</areaitem>
        <areaitem>河北区</areaitem>
        <areaitem>红桥区</areaitem>
		<areaitem>东丽区</areaitem>
		<areaitem>西青区</areaitem>
		<areaitem>津南区</areaitem>
		<areaitem>北辰区</areaitem>
		<areaitem>塘沽区</areaitem>
		<areaitem>大港区</areaitem>
		<areaitem>汉沽区</areaitem>
		<areaitem>武青区</areaitem>
		<areaitem>蓟县</areaitem>
		<areaitem>宁河县</areaitem>
		<areaitem>宝坻县</areaitem>
		<areaitem>静海县</areaitem>
    </array>
    <array name="上海">
        <areaitem>黄浦区</areaitem>
        <areaitem>徐汇区</areaitem>
        <areaitem>长宁区</areaitem>
        <areaitem>静安区</areaitem>
        <areaitem>普陀区</areaitem>
        <areaitem>闸北区</areaitem>
		<areaitem>虹口区</areaitem>
		<areaitem>杨浦区</areaitem>
		<areaitem>闵行区</areaitem>
		<areaitem>宝山区</areaitem>
		<areaitem>嘉定区</areaitem>
		<areaitem>浦东新区</areaitem>
		<areaitem>金山区</areaitem>
		<areaitem>松江区</areaitem>
		<areaitem>青浦区</areaitem>
		<areaitem>奉贤区</areaitem>
		<areaitem>崇明县</areaitem>
    </array>
    <array name="重庆">
        <areaitem>万州区</areaitem>
        <areaitem>涪陵区</areaitem>
        <areaitem>渝中区</areaitem>
        <areaitem>大渡口区</areaitem>
        <areaitem>江北区</areaitem>
        <areaitem>沙坪坝区</areaitem>
		<areaitem>九龙波区</areaitem>
		<areaitem>南岸区</areaitem>
		<areaitem>北碚区</areaitem>
		<areaitem>綦江区</areaitem>
		<areaitem>大足区</areaitem>
		<areaitem>渝北区</areaitem>
		<areaitem>巴南区</areaitem>
		<areaitem>黔江区</areaitem>
		<areaitem>长寿区</areaitem>
		<areaitem>江津区</areaitem>
		<areaitem>合川区</areaitem>
		<areaitem>永川区</areaitem>
		<areaitem>南川区</areaitem>
		<areaitem>潼南县</areaitem>
		<areaitem>铜梁县</areaitem>
		<areaitem>荣昌县</areaitem>
		<areaitem>璧山县</areaitem>
		<areaitem>梁平县</areaitem>
		<areaitem>城口县</areaitem>
		<areaitem>丰都县</areaitem>
		<areaitem>垫江县</areaitem>
		<areaitem>武隆县</areaitem>
		<areaitem>忠县</areaitem>
		<areaitem>开县</areaitem>
		<areaitem>云阳县</areaitem>
		<areaitem>奉节县</areaitem>
		<areaitem>巫山县</areaitem>
		<areaitem>巫溪县</areaitem>
		<areaitem>石柱土家族自治县</areaitem>
		<areaitem>秀山土家族苗族自治县</areaitem>
		<areaitem>酉阳土家族苗族自治县</areaitem>
		<areaitem>彭水苗族土家族自治县</areaitem>
    </array>
	<array name="辽宁">
		<areaitem>沈阳</areaitem>
		<areaitem>大连</areaitem>
		<areaitem>鞍山</areaitem>
		<areaitem>抚顺</areaitem>
		<areaitem>本溪</areaitem>
		<areaitem>丹东</areaitem>
		<areaitem>锦州</areaitem>
		<areaitem>营口</areaitem>
		<areaitem>阜新</areaitem>
		<areaitem>辽阳</areaitem>
		<areaitem>铁岭</areaitem>
		<areaitem>朝阳</areaitem>
		<areaitem>盘锦</areaitem>
		<areaitem>葫芦岛</areaitem>
	</array>
	<array name="黑龙江">
		<areaitem>哈尔滨</areaitem>
		<areaitem>齐齐哈尔</areaitem>
		<areaitem>鸡西</areaitem>
		<areaitem>鹤岗</areaitem>
		<areaitem>双鸭山</areaitem>
		<areaitem>大庆</areaitem>
		<areaitem>伊春</areaitem>
		<areaitem>佳木斯</areaitem>
		<areaitem>牡丹江</areaitem>
		<areaitem>七台河</areaitem>
		<areaitem>黑河</areaitem>
	</array>
	<array name="吉林">
		<areaitem>长春</areaitem>
		<areaitem>吉林</areaitem>
		<areaitem>四平</areaitem>
		<areaitem>辽源</areaitem>
		<areaitem>通化</areaitem>
		<areaitem>白山</areaitem>
		<areaitem>松原</areaitem>
		<areaitem>白城</areaitem>
		<areaitem>延吉</areaitem>
	</array>
	<array name="内蒙古">
		<areaitem>呼和浩特</areaitem>
		<areaitem>包头</areaitem>
		<areaitem>乌海</areaitem>
		<areaitem>赤峰</areaitem>
		<areaitem>通辽</areaitem>
		<areaitem>鄂尔多斯</areaitem>
		<areaitem>呼伦贝尔</areaitem>
		<areaitem>巴彦淖尔</areaitem>
		<areaitem>乌兰察布</areaitem>
		<areaitem>乌兰浩特</areaitem>
		<areaitem>二连浩特</areaitem>
	</array>
	<array name="新疆">
		<areaitem>乌鲁木齐</areaitem>
		<areaitem>克拉玛依</areaitem>
		<areaitem>吐鲁番</areaitem>
		<areaitem>昌吉</areaitem>
		<areaitem>博乐</areaitem>
		<areaitem>库尔勒</areaitem>
		<areaitem>阿克苏</areaitem>
		<areaitem>阿图什</areaitem>
		<areaitem>喀什</areaitem>
		<areaitem>和田</areaitem>
		<areaitem>伊宁</areaitem>
		<areaitem>塔城</areaitem>
		<areaitem>阿勒泰</areaitem>
	</array>
	<array name="青海">
		<areaitem>西宁</areaitem>
		<areaitem>德令哈</areaitem>
		<areaitem>格尔木</areaitem>
	</array>
	<array name="西藏">
		<areaitem>拉萨市</areaitem>
		<areaitem>昌都地区</areaitem>
		<areaitem>林芝地区</areaitem>
		<areaitem>山南地区</areaitem>
		<areaitem>日喀则地区</areaitem>
		<areaitem>那曲地区</areaitem>
		<areaitem>阿里地区</areaitem>
	</array>
	<array name="甘肃">
		<areaitem>兰州</areaitem>
		<areaitem>嘉峪关</areaitem>
		<areaitem>金昌</areaitem>
		<areaitem>白银</areaitem>
		<areaitem>天水</areaitem>
		<areaitem>武威</areaitem>
		<areaitem>张掖</areaitem>
		<areaitem>平凉</areaitem>
		<areaitem>酒泉</areaitem>
		<areaitem>庆阳</areaitem>
		<areaitem>定西</areaitem>
		<areaitem>陇南</areaitem>
		<areaitem>临夏</areaitem>
		<areaitem>合作</areaitem>
	</array>
	<array name="宁夏">
		<areaitem>银川</areaitem>
		<areaitem>石嘴山</areaitem>
		<areaitem>吴忠</areaitem>
		<areaitem>固原</areaitem>
		<areaitem>中卫</areaitem>
	</array>
	<array name="陕西">
		<areaitem>西安</areaitem>
		<areaitem>铜川</areaitem>
		<areaitem>宝鸡</areaitem>
		<areaitem>咸阳</areaitem>
		<areaitem>渭南</areaitem>
		<areaitem>延安</areaitem>
		<areaitem>汉中</areaitem>
		<areaitem>榆林</areaitem>
		<areaitem>安康</areaitem>
		<areaitem>商洛</areaitem>
	</array>
	<array name="山西">
		<areaitem>太原</areaitem>
		<areaitem>大同</areaitem>
		<areaitem>阳泉</areaitem>
		<areaitem>长治</areaitem>
		<areaitem>晋城</areaitem>
		<areaitem>朔州</areaitem>
		<areaitem>晋中</areaitem>
		<areaitem>运城</areaitem>
		<areaitem>忻州</areaitem>
		<areaitem>临汾</areaitem>
		<areaitem>吕梁</areaitem>
	</array>
	<array name="河北">
		<areaitem>石家庄</areaitem>
		<areaitem>唐山</areaitem>
		<areaitem>秦皇岛</areaitem>
		<areaitem>邯郸</areaitem>
		<areaitem>邢台</areaitem>
		<areaitem>保定</areaitem>
		<areaitem>承德</areaitem>
		<areaitem>沧州</areaitem>
		<areaitem>廊坊</areaitem>
		<areaitem>衡水</areaitem>
	</array>
	<array name="山东">
		<areaitem>济南</areaitem>
		<areaitem>青岛</areaitem>
		<areaitem>淄博</areaitem>
		<areaitem>枣庄</areaitem>
		<areaitem>东营</areaitem>
		<areaitem>烟台</areaitem>
		<areaitem>潍坊</areaitem>
		<areaitem>济宁</areaitem>
		<areaitem>泰安</areaitem>
		<areaitem>威海</areaitem>
		<areaitem>日照</areaitem>
		<areaitem>莱芜</areaitem>
		<areaitem>临沂</areaitem>
		<areaitem>德州</areaitem>
		<areaitem>聊城</areaitem>
		<areaitem>滨州</areaitem>
		<areaitem>菏泽</areaitem>
	</array>
	<array name="江苏">
		<areaitem>南京</areaitem>
		<areaitem>无锡</areaitem>
		<areaitem>徐州</areaitem>
		<areaitem>常州</areaitem>
		<areaitem>苏州</areaitem>
		<areaitem>南通</areaitem>
		<areaitem>连云港</areaitem>
		<areaitem>淮安</areaitem>
		<areaitem>盐城</areaitem>
		<areaitem>扬州</areaitem>
		<areaitem>镇江</areaitem>
		<areaitem>泰州</areaitem>
		<areaitem>宿迁</areaitem>
	</array>
	<array name="安徽">
		<areaitem>合肥</areaitem>
		<areaitem>芜湖</areaitem>
		<areaitem>蚌埠</areaitem>
		<areaitem>淮南</areaitem>
		<areaitem>马鞍山</areaitem>
		<areaitem>淮北</areaitem>
		<areaitem>铜陵</areaitem>
		<areaitem>安庆</areaitem>
		<areaitem>黄山</areaitem>
		<areaitem>滁州</areaitem>
		<areaitem>阜阳</areaitem>
		<areaitem>宿州</areaitem>
		<areaitem>巢湖</areaitem>
		<areaitem>六安</areaitem>
		<areaitem>毫州</areaitem>
		<areaitem>池州</areaitem>
		<areaitem>宣城</areaitem>
	</array>
	<array name="河南">
		<areaitem>郑州</areaitem>
		<areaitem>开封</areaitem>
		<areaitem>洛阳</areaitem>
		<areaitem>平顶山</areaitem>
		<areaitem>安阳</areaitem>
		<areaitem>鹤壁</areaitem>
		<areaitem>新乡</areaitem>
		<areaitem>焦作</areaitem>
		<areaitem>濮阳</areaitem>
		<areaitem>许昌</areaitem>
		<areaitem>漯河</areaitem>
		<areaitem>三门峡</areaitem>
		<areaitem>南阳</areaitem>
		<areaitem>商丘</areaitem>
		<areaitem>信阳</areaitem>
		<areaitem>周口</areaitem>
		<areaitem>驻马店</areaitem>
	</array>
	<array name="湖北">
		<areaitem>武汉</areaitem>
		<areaitem>黄石</areaitem>
		<areaitem>十堰</areaitem>
		<areaitem>宜昌</areaitem>
		<areaitem>襄樊</areaitem>
		<areaitem>鄂州</areaitem>
		<areaitem>荆门</areaitem>
		<areaitem>孝感</areaitem>
		<areaitem>荆州</areaitem>
		<areaitem>黄冈</areaitem>
		<areaitem>咸宁</areaitem>
		<areaitem>随州</areaitem>
		<areaitem>恩施</areaitem>
	</array>
	<array name="四川">
		<areaitem>成都</areaitem>
		<areaitem>自贡</areaitem>
		<areaitem>攀枝花</areaitem>
		<areaitem>泸州</areaitem>
		<areaitem>德阳</areaitem>
		<areaitem>绵阳</areaitem>
		<areaitem>广元</areaitem>
		<areaitem>遂宁</areaitem>
		<areaitem>内江</areaitem>
		<areaitem>乐山</areaitem>
		<areaitem>南充</areaitem>
		<areaitem>眉山</areaitem>
		<areaitem>宜宾</areaitem>
		<areaitem>内广安</areaitem>
		<areaitem>达州</areaitem>
		<areaitem>雅安</areaitem>
		<areaitem>巴中</areaitem>
		<areaitem>资阳</areaitem>
	</array>
	<array name="云南">
		<areaitem>昆明</areaitem>
		<areaitem>曲靖</areaitem>
		<areaitem>玉溪</areaitem>
		<areaitem>保山</areaitem>
		<areaitem>昭通</areaitem>
		<areaitem>丽江</areaitem>
		<areaitem>思茅</areaitem>
		<areaitem>临沧</areaitem>
	</array>
	<array name="贵州">
		<areaitem>贵阳</areaitem>
		<areaitem>六盘水</areaitem>
		<areaitem>遵义</areaitem>
		<areaitem>安顺</areaitem>
		<areaitem>铜仁</areaitem>
		<areaitem>兴义</areaitem>
		<areaitem>毕节</areaitem>
		<areaitem>凯里</areaitem>
		<areaitem>都匀</areaitem>
	</array>
	<array name="湖南">
		<areaitem>长沙</areaitem>
		<areaitem>株洲</areaitem>
		<areaitem>湘潭</areaitem>
		<areaitem>衡阳</areaitem>
		<areaitem>邵阳</areaitem>
		<areaitem>岳阳</areaitem>
		<areaitem>常德</areaitem>
		<areaitem>张家界</areaitem>
		<areaitem>益阳</areaitem>
		<areaitem>郴州</areaitem>
		<areaitem>永州</areaitem>
		<areaitem>怀化</areaitem>
		<areaitem>娄底</areaitem>
		<areaitem>吉首</areaitem>
	</array>
	<array name="江西">
		<areaitem>南昌</areaitem>
		<areaitem>萍乡</areaitem>
		<areaitem>九江</areaitem>
		<areaitem>新余</areaitem>
		<areaitem>鹰潭</areaitem>
		<areaitem>赣州</areaitem>
		<areaitem>吉安</areaitem>
		<areaitem>宜春</areaitem>
		<areaitem>抚州</areaitem>
		<areaitem>上饶</areaitem>
	</array>
	<array name="浙江">
		<areaitem>杭州</areaitem>
		<areaitem>宁波</areaitem>
		<areaitem>温州</areaitem>
		<areaitem>嘉兴</areaitem>
		<areaitem>湖州</areaitem>
		<areaitem>绍兴</areaitem>
		<areaitem>金华</areaitem>
		<areaitem>衢州</areaitem>
		<areaitem>舟山</areaitem>
		<areaitem>台州</areaitem>
		<areaitem>丽水</areaitem>
	</array>
	<array name="福建">
		<areaitem>福州</areaitem>
		<areaitem>厦门</areaitem>
		<areaitem>莆田</areaitem>
		<areaitem>三明</areaitem>
		<areaitem>泉州</areaitem>
		<areaitem>漳州</areaitem>
		<areaitem>南平</areaitem>
		<areaitem>龙岩</areaitem>
		<areaitem>宁德</areaitem>
	</array>
	<array name="广东">
		<areaitem>广州</areaitem>
		<areaitem>韶关</areaitem>
		<areaitem>深圳</areaitem>
		<areaitem>珠海</areaitem>
		<areaitem>汕头</areaitem>
		<areaitem>佛山</areaitem>
		<areaitem>江门</areaitem>
		<areaitem>湛江</areaitem>
		<areaitem>茂名</areaitem>
		<areaitem>肇庆</areaitem>
		<areaitem>惠州</areaitem>
		<areaitem>梅州</areaitem>
		<areaitem>汕尾</areaitem>
		<areaitem>河源</areaitem>
		<areaitem>阳江</areaitem>
		<areaitem>清远</areaitem>
		<areaitem>东莞</areaitem>
		<areaitem>中山</areaitem>
		<areaitem>潮州</areaitem>
		<areaitem>揭阳</areaitem>
		<areaitem>云浮</areaitem>
	</array>
	<array name="广西">
		<areaitem>南宁</areaitem>
		<areaitem>柳州</areaitem>
		<areaitem>桂林</areaitem>
		<areaitem>梧州</areaitem>
		<areaitem>北海</areaitem>
		<areaitem>防城港</areaitem>
		<areaitem>钦州</areaitem>
		<areaitem>贵港</areaitem>
		<areaitem>玉林</areaitem>
		<areaitem>百色</areaitem>
		<areaitem>贺州</areaitem>
		<areaitem>河池</areaitem>
		<areaitem>来宾</areaitem>
		<areaitem>崇左</areaitem>
	</array>
	<array name="海南">
		<areaitem>海口</areaitem>
		<areaitem>三亚</areaitem>
	</array>
	<array name="台湾">
		<areaitem>台北</areaitem>
		<areaitem>高雄</areaitem>
		<areaitem>台中</areaitem>
	</array>
	<array name="澳门">
		<areaitem>澳门半岛</areaitem>
		<areaitem>氹仔岛</areaitem>
		<areaitem>路环岛</areaitem>
	</array>
	
	<array name="香港">
		<areaitem>中西区</areaitem>
		<areaitem>东区</areaitem>
		<areaitem>南区</areaitem>
		<areaitem>湾仔区</areaitem>
		<areaitem>九龙区</areaitem>
		<areaitem>观塘区</areaitem>
		<areaitem>深水埗区</areaitem>
		<areaitem>黄大仙区</areaitem>
		<areaitem>油尖旺区</areaitem>
		<areaitem>离岛区</areaitem>
		<areaitem>葵青区</areaitem>
		<areaitem>北区</areaitem>
		<areaitem>西贡区</areaitem>
		<areaitem>沙田区</areaitem>
		<areaitem>大埔区</areaitem>
		<areaitem>荃湾区</areaitem>
		<areaitem>屯门区</areaitem>
		<areaitem>元朗区</areaitem>
	</array>
</resources>